{
  "created_at": "2025-10-19T19:00:14.834103",
  "source_file_mtimes": {
    "kg_ttl": 1759166741.939962,
    "archimate_IEC 61968.xml": 1758875203.0,
    "archimate_archi-4-archi.xml": 1758875221.0,
    "pdf_Core concepts TOGAF.pdf": 1759227906.036401,
    "pdf_2501.03566v1.pdf": 1759228099.086419
  },
  "embedding_count": 5232,
  "fingerprint": {
    "backend": "openai",
    "model_name": "text-embedding-3-small",
    "vector_dim": 1536
  }
}